key,registrationMoment,email,description,type,draftMode,key:assistanceAgent,key:leg
# base entity
claim-00,2012/07/02 0:00,acme@lorem-ipsum.org,"Lorem ipsum dolor sit amet, consectetur adipiscing elit. Sed do: eiusmod tempor incididunt ut labore et dolore magna aliqua! Ut",FLIGHT_ISSUE,false,assistanceAgent-00,leg-011
# registrationMoment - standard variations 
claim-01,2000/01/01 0:00,acme@lorem-ipsum.org,"Lorem ipsum dolor sit amet, consectetur adipiscing elit. Sed do: eiusmod tempor incididunt ut labore et dolore magna aliqua! Ut",FLIGHT_ISSUE,false,assistanceAgent-01,leg-012
claim-02,2000/01/01 0:01,acme@lorem-ipsum.org,"Lorem ipsum dolor sit amet, consectetur adipiscing elit. Sed do: eiusmod tempor incididunt ut labore et dolore magna aliqua! Ut",FLIGHT_ISSUE,false,assistanceAgent-01,leg-012
claim-03,2022/07/29 23:59,acme@lorem-ipsum.org,"Lorem ipsum dolor sit amet, consectetur adipiscing elit. Sed do: eiusmod tempor incididunt ut labore et dolore magna aliqua! Ut",FLIGHT_ISSUE,false,assistanceAgent-01,leg-012
claim-04,2022/07/30 0:00,acme@lorem-ipsum.org,"Lorem ipsum dolor sit amet, consectetur adipiscing elit. Sed do: eiusmod tempor incididunt ut labore et dolore magna aliqua! Ut",FLIGHT_ISSUE,false,assistanceAgent-00,leg-011
# registrationMoment - no singular values
# passengerEmail - standard variations
claim-05,2012/07/02 0:00,a@b.e,"Lorem ipsum dolor sit amet, consectetur adipiscing elit. Sed do: eiusmod tempor incididunt ut labore et dolore magna aliqua! Ut",FLIGHT_ISSUE,false,assistanceAgent-00,leg-011
claim-06,2012/07/02 0:00,a@b.es,"Lorem ipsum dolor sit amet, consectetur adipiscing elit. Sed do: eiusmod tempor incididunt ut labore et dolore magna aliqua! Ut",FLIGHT_ISSUE,false,assistanceAgent-00,leg-011
claim-07,2012/07/02 0:00,a@b.esx,"Lorem ipsum dolor sit amet, consectetur adipiscing elit. Sed do: eiusmod tempor incididunt ut labore et dolore magna aliqua! Ut",FLIGHT_ISSUE,false,assistanceAgent-00,leg-011
# passengerEmail - no singular values
# description - standard variations
claim-10,2012/07/02 0:00,acme@lorem-ipsum.org,"L",FLIGHT_ISSUE,false,assistanceAgent-00,leg-011
claim-11,2012/07/02 0:00,acme@lorem-ipsum.org,"Lo",FLIGHT_ISSUE,false,assistanceAgent-00,leg-011
claim-12,2012/07/02 0:00,acme@lorem-ipsum.org,"Lorem ipsum dolor sit amet, consectetur adipiscing elit. Sed do: eiusmod tempor incididunt ut labore et dolore magna aliqua! Ut enim ad minim veniam? Quis nostrud exercitation ullamco laboris nisi ut aliquip ex ea commodo consequat. Duis aute irure dolor",FLIGHT_ISSUE,false,assistanceAgent-00,leg-011
claim-13,2012/07/02 0:00,acme@lorem-ipsum.org,"Lorem ipsum dolor sit amet, consectetur adipiscing elit. Sed do: eiusmod tempor incididunt ut labore et dolore magna aliqua! Ut enim ad minim veniam? Quis nostrud exercitation ullamco laboris nisi ut aliquip ex ea commodo consequat. Duis aute irure dolor*",FLIGHT_ISSUE,false,assistanceAgent-00,leg-011
claim-14,2012/07/02 0:00,acme@lorem-ipsum.org,"โลเร็ม อิปซัม",FLIGHT_ISSUE,false,assistanceAgent-00,leg-011
claim-15,2012/07/02 0:00,acme@lorem-ipsum.org,"لوريم إيبسوم",FLIGHT_ISSUE,false,assistanceAgent-00,leg-011
claim-16,2012/07/02 0:00,acme@lorem-ipsum.org,"洛伦·伊普森",FLIGHT_ISSUE,false,assistanceAgent-00,leg-011
claim-17,2012/07/02 0:00,acme@lorem-ipsum.org,"<marquee>Hacked</marquee>",FLIGHT_ISSUE,false,assistanceAgent-00,leg-011
claim-18,2012/07/02 0:00,acme@lorem-ipsum.org,"<script>alert(‘Hacked!’);</script>",FLIGHT_ISSUE,false,assistanceAgent-00,leg-011
claim-19,2012/07/02 0:00,acme@lorem-ipsum.org,"'' or 'A' = 'A ",FLIGHT_ISSUE,false,assistanceAgent-00,leg-011
# description - no singular values
# claimTypes - standard variations
claim-20,2012/07/02 0:00,acme@lorem-ipsum.org,"Lorem ipsum dolor sit amet, consectetur adipiscing elit. Sed do: eiusmod tempor incididunt ut labore et dolore magna aliqua! Ut",LUGGAGE_ISSUE,false,assistanceAgent-00,leg-011
claim-21,2012/07/02 0:00,acme@lorem-ipsum.org,"Lorem ipsum dolor sit amet, consectetur adipiscing elit. Sed do: eiusmod tempor incididunt ut labore et dolore magna aliqua! Ut",SECURITY_ISSUE,false,assistanceAgent-00,leg-011
claim-22,2012/07/02 0:00,acme@lorem-ipsum.org,"Lorem ipsum dolor sit amet, consectetur adipiscing elit. Sed do: eiusmod tempor incididunt ut labore et dolore magna aliqua! Ut",OTHER_ISSUE,false,assistanceAgent-00,leg-011
# claimTypes - no singular values
# accepted - standard variations
claim-23,2012/07/02 0:00,acme@lorem-ipsum.org,"Lorem ipsum dolor sit amet, consectetur adipiscing elit. Sed do: eiusmod tempor incididunt ut labore et dolore magna aliqua! Ut",FLIGHT_ISSUE,false,assistanceAgent-00,leg-011
claim-24,2012/07/02 0:00,acme@lorem-ipsum.org,"Lorem ipsum dolor sit amet, consectetur adipiscing elit. Sed do: eiusmod tempor incididunt ut labore et dolore magna aliqua! Ut",FLIGHT_ISSUE,false,assistanceAgent-00,leg-011
# accepted - no singular values
# draftMode - standard variations
claim-25,2012/07/02 0:00,acme@lorem-ipsum.org,"Lorem ipsum dolor sit amet, consectetur adipiscing elit. Sed do: eiusmod tempor incididunt ut labore et dolore magna aliqua! Ut",FLIGHT_ISSUE,true,assistanceAgent-00,leg-011
# draftMode - no singular values
# assistanceAgent - standard variations
claim-26,2012/07/02 0:00,acme@lorem-ipsum.org,"Lorem ipsum dolor sit amet, consectetur adipiscing elit. Sed do: eiusmod tempor incididunt ut labore et dolore magna aliqua! Ut",FLIGHT_ISSUE,false,assistanceAgent-01,leg-011